<?xml version="1.0" encoding="UTF-8"?>
<Configuration status="warn">
    <Properties>
        <Property name="log-path">/app/logs/collector/</Property>
        <Property name="component">collector</Property>
    </Properties>

    <Appenders>
        <RollingFile name="file-log" fileName="${log-path}/${component}.log"
                     filePattern="${log-path}/${component}-%d{yyyy-MM-dd}.log">
            <PatternLayout>
                <pattern>%d{yyyy-MM-dd HH:mm:ss.SSS} [%t] [%-5level] %c{1} - %msg%n</pattern>
            </PatternLayout>
            <Policies>
                <TimeBasedTriggeringPolicy interval="1" modulate="true"/>
            </Policies>
        </RollingFile>

        <Console name="console" target="SYSTEM_OUT">
            <filters>
                <ThresholdFilter level="INFO"/>
            </filters>
            <PatternLayout pattern="%d{yyyy-MM-dd HH:mm:ss.SSS} [%t] [%-5level] %c{1} - %msg%n"/>
        </Console>
    </Appenders>
    <Loggers>
        <Logger name="com.freshdesk.es" level="info">
        </Logger>
        <Root level="info" additivity="false">
            <appender-ref ref="console"/>
            <appender-ref ref="file-log"/>
        </Root>
    </Loggers>
</Configuration>
